arrival_iso,device_id,sequence,latency_ms,sent_iso
2025-11-02 03:49:31,dev-004b12c48530,255,59134.345,2025-11-02 03:48:32
2025-11-02 03:49:32,dev-004b12c48530,256,60158.211,2025-11-02 03:48:32
2025-11-02 03:49:33,dev-004b12c48530,257,61182.253,2025-11-02 03:48:32
2025-11-02 03:49:34,dev-004b12c48530,258,62206.272,2025-11-02 03:48:32
2025-11-02 03:49:35,dev-004b12c48530,259,63127.800,2025-11-02 03:48:32
2025-11-02 03:49:36,dev-004b12c48530,260,64151.840,2025-11-02 03:48:32
2025-11-02 03:49:37,dev-004b12c48530,261,-62824.163,2025-11-02 03:50:40
2025-11-02 03:49:38,dev-004b12c48530,262,-61800.207,2025-11-02 03:50:40
2025-11-02 03:49:39,dev-004b12c48530,263,-60776.155,2025-11-02 03:50:40
2025-11-02 03:49:40,dev-004b12c48530,264,-59854.375,2025-11-02 03:50:40
2025-11-02 03:49:41,dev-004b12c48530,265,-58830.424,2025-11-02 03:50:40
2025-11-02 03:49:42,dev-004b12c48530,266,-57806.358,2025-11-02 03:50:40
2025-11-02 03:49:43,dev-004b12c48530,267,-56782.451,2025-11-02 03:50:40
2025-11-02 03:49:44,dev-004b12c48530,268,-55758.164,2025-11-02 03:50:40
2025-11-02 03:49:45,dev-004b12c48530,269,-54836.933,2025-11-02 03:50:40
2025-11-02 03:49:46,dev-004b12c48530,270,-53812.953,2025-11-02 03:50:40
2025-11-02 03:49:47,dev-004b12c48530,271,-52788.885,2025-11-02 03:50:40
2025-11-02 03:49:48,dev-004b12c48530,272,-51764.872,2025-11-02 03:50:40
2025-11-02 03:49:49,dev-004b12c48530,273,-50740.893,2025-11-02 03:50:40
2025-11-02 03:49:50,dev-004b12c48530,274,-49818.927,2025-11-02 03:50:40
2025-11-02 03:49:51,dev-004b12c48530,275,-48795.216,2025-11-02 03:50:40
2025-11-02 03:49:52,dev-004b12c48530,276,-47771.259,2025-11-02 03:50:40
2025-11-02 03:49:53,dev-004b12c48530,277,-46747.319,2025-11-02 03:50:40
2025-11-02 03:49:54,dev-004b12c48530,278,-45723.341,2025-11-02 03:50:40
2025-11-02 03:49:55,dev-004b12c48530,279,-44801.580,2025-11-02 03:50:40
2025-11-02 03:49:56,dev-004b12c48530,280,-43777.556,2025-11-02 03:50:40
2025-11-02 03:49:57,dev-004b12c48530,281,-42753.532,2025-11-02 03:50:40
2025-11-02 03:49:58,dev-004b12c48530,282,-41729.726,2025-11-02 03:50:40
2025-11-02 03:49:59,dev-004b12c48530,283,-40705.688,2025-11-02 03:50:40
2025-11-02 03:50:00,dev-004b12c48530,284,-39784.052,2025-11-02 03:50:40
2025-11-02 03:50:01,dev-004b12c48530,285,-38760.056,2025-11-02 03:50:40
2025-11-02 03:50:02,dev-004b12c48530,286,-37736.140,2025-11-02 03:50:40
2025-11-02 03:50:03,dev-004b12c48530,287,-36711.909,2025-11-02 03:50:40
2025-11-02 03:50:04,dev-004b12c48530,288,-35688.068,2025-11-02 03:50:40
2025-11-02 03:50:05,dev-004b12c48530,289,-34791.532,2025-11-02 03:50:40
2025-11-02 03:50:06,dev-004b12c48530,290,-33785.872,2025-11-02 03:50:40
2025-11-02 03:50:07,dev-004b12c48530,291,-32779.669,2025-11-02 03:50:40
2025-11-02 03:50:08,dev-004b12c48530,292,-31777.444,2025-11-02 03:50:40
2025-11-02 03:50:09,dev-004b12c48530,293,-30670.485,2025-11-02 03:50:40
2025-11-02 03:50:10,dev-004b12c48530,294,-29748.680,2025-11-02 03:50:40
2025-11-02 03:50:11,dev-004b12c48530,295,-28724.629,2025-11-02 03:50:40
2025-11-02 03:50:12,dev-004b12c48530,296,-27700.734,2025-11-02 03:50:40
2025-11-02 03:50:13,dev-004b12c48530,297,-26676.676,2025-11-02 03:50:40
2025-11-02 03:50:14,dev-004b12c48530,298,-25652.599,2025-11-02 03:50:40
2025-11-02 03:50:15,dev-004b12c48530,299,-24731.211,2025-11-02 03:50:40
2025-11-02 03:50:16,dev-004b12c48530,300,-23707.207,2025-11-02 03:50:40
2025-11-02 03:50:17,dev-004b12c48530,301,-22683.208,2025-11-02 03:50:40
2025-11-02 03:50:18,dev-004b12c48530,302,-21659.215,2025-11-02 03:50:40
2025-11-02 03:50:19,dev-004b12c48530,303,-20635.212,2025-11-02 03:50:40
2025-11-02 03:50:20,dev-004b12c48530,304,-19713.660,2025-11-02 03:50:40
2025-11-02 03:50:21,dev-004b12c48530,305,-18689.595,2025-11-02 03:50:40
2025-11-02 03:50:22,dev-004b12c48530,306,-17665.461,2025-11-02 03:50:40
2025-11-02 03:50:23,dev-004b12c48530,307,-16641.539,2025-11-02 03:50:40
2025-11-02 03:50:24,dev-004b12c48530,308,-15617.483,2025-11-02 03:50:40
2025-11-02 03:50:25,dev-004b12c48530,309,-14696.072,2025-11-02 03:50:40
2025-11-02 03:50:26,dev-004b12c48530,310,-13671.942,2025-11-02 03:50:40
2025-11-02 03:50:27,dev-004b12c48530,311,-12647.858,2025-11-02 03:50:40
2025-11-02 03:50:28,dev-004b12c48530,312,-11624.122,2025-11-02 03:50:40
2025-11-02 03:50:29,dev-004b12c48530,313,-10702.396,2025-11-02 03:50:40
2025-11-02 03:50:30,dev-004b12c48530,314,-9678.386,2025-11-02 03:50:40
2025-11-02 03:50:31,dev-004b12c48530,315,-8654.374,2025-11-02 03:50:40
2025-11-02 03:50:32,dev-004b12c48530,316,-7630.447,2025-11-02 03:50:40
2025-11-02 03:50:33,dev-004b12c48530,317,-6606.360,2025-11-02 03:50:40
2025-11-02 03:50:34,dev-004b12c48530,318,-5684.616,2025-11-02 03:50:40
2025-11-02 03:50:35,dev-004b12c48530,319,-4660.597,2025-11-02 03:50:40
2025-11-02 03:50:36,dev-004b12c48530,320,-3636.609,2025-11-02 03:50:40
2025-11-02 03:50:37,dev-004b12c48530,321,-2612.482,2025-11-02 03:50:40
2025-11-02 03:50:38,dev-004b12c48530,322,-1588.505,2025-11-02 03:50:40
2025-11-02 03:50:39,dev-004b12c48530,323,-667.200,2025-11-02 03:50:40
2025-11-02 03:50:40,dev-004b12c48530,324,356.809,2025-11-02 03:50:40
2025-11-02 03:50:41,dev-004b12c48530,325,1380.790,2025-11-02 03:50:40
2025-11-02 03:50:42,dev-004b12c48530,326,2404.866,2025-11-02 03:50:40
2025-11-02 03:50:43,dev-004b12c48530,327,3428.859,2025-11-02 03:50:40
2025-11-02 03:50:44,dev-004b12c48530,328,4350.464,2025-11-02 03:50:40
2025-11-02 03:50:45,dev-004b12c48530,329,5374.578,2025-11-02 03:50:40
2025-11-02 03:50:46,dev-004b12c48530,330,6398.428,2025-11-02 03:50:40
2025-11-02 03:50:47,dev-004b12c48530,331,7422.438,2025-11-02 03:50:40
2025-11-02 03:50:48,dev-004b12c48530,332,8446.487,2025-11-02 03:50:40
2025-11-02 03:50:49,dev-004b12c48530,333,9368.259,2025-11-02 03:50:40
2025-11-02 03:50:50,dev-004b12c48530,334,10392.257,2025-11-02 03:50:40
2025-11-02 03:50:51,dev-004b12c48530,335,11416.314,2025-11-02 03:50:40
2025-11-02 03:50:52,dev-004b12c48530,336,12440.283,2025-11-02 03:50:40
2025-11-02 03:50:53,dev-004b12c48530,337,13464.113,2025-11-02 03:50:40
2025-11-02 03:50:54,dev-004b12c48530,338,14385.665,2025-11-02 03:50:40
2025-11-02 03:50:55,dev-004b12c48530,339,15409.685,2025-11-02 03:50:40
2025-11-02 03:50:56,dev-004b12c48530,340,16433.669,2025-11-02 03:50:40
2025-11-02 03:50:57,dev-004b12c48530,341,17457.592,2025-11-02 03:50:40
2025-11-02 03:50:58,dev-004b12c48530,342,18481.643,2025-11-02 03:50:40
2025-11-02 03:50:59,dev-004b12c48530,343,19403.367,2025-11-02 03:50:40
2025-11-02 03:51:00,dev-004b12c48530,344,20427.063,2025-11-02 03:50:40
2025-11-02 03:51:01,dev-004b12c48530,345,21451.280,2025-11-02 03:50:40
2025-11-02 03:51:02,dev-004b12c48530,346,22475.302,2025-11-02 03:50:40
2025-11-02 03:51:03,dev-004b12c48530,347,23499.313,2025-11-02 03:50:40
2025-11-02 03:51:04,dev-004b12c48530,348,24421.084,2025-11-02 03:50:40
2025-11-02 03:51:05,dev-004b12c48530,349,25445.121,2025-11-02 03:50:40
2025-11-02 03:51:06,dev-004b12c48530,350,26468.929,2025-11-02 03:50:40
2025-11-02 03:51:07,dev-004b12c48530,351,27492.854,2025-11-02 03:50:40
2025-11-02 03:51:08,dev-004b12c48530,352,28516.899,2025-11-02 03:50:40
2025-11-02 03:51:09,dev-004b12c48530,353,29438.539,2025-11-02 03:50:40
2025-11-02 03:51:10,dev-004b12c48530,354,30462.489,2025-11-02 03:50:40
2025-11-02 03:51:11,dev-004b12c48530,355,31486.662,2025-11-02 03:50:40
2025-11-02 03:51:12,dev-004b12c48530,356,32510.557,2025-11-02 03:50:40
2025-11-02 03:51:13,dev-004b12c48530,357,33534.511,2025-11-02 03:50:40
2025-11-02 03:51:14,dev-004b12c48530,358,34456.165,2025-11-02 03:50:40
2025-11-02 03:51:15,dev-004b12c48530,359,35480.123,2025-11-02 03:50:40
2025-11-02 03:51:16,dev-004b12c48530,360,36504.170,2025-11-02 03:50:40
2025-11-02 03:51:17,dev-004b12c48530,361,37528.101,2025-11-02 03:50:40
2025-11-02 03:51:18,dev-004b12c48530,362,38449.765,2025-11-02 03:50:40
2025-11-02 03:51:19,dev-004b12c48530,363,39473.763,2025-11-02 03:50:40
2025-11-02 03:51:20,dev-004b12c48530,364,40497.861,2025-11-02 03:50:40
2025-11-02 03:51:21,dev-004b12c48530,365,41521.891,2025-11-02 03:50:40
2025-11-02 03:51:22,dev-004b12c48530,366,42545.783,2025-11-02 03:50:40
2025-11-02 03:51:23,dev-004b12c48530,367,43467.402,2025-11-02 03:50:40
2025-11-02 03:51:24,dev-004b12c48530,368,44491.291,2025-11-02 03:50:40
2025-11-02 03:51:25,dev-004b12c48530,369,45463.391,2025-11-02 03:50:40
2025-11-02 03:51:26,dev-004b12c48530,370,46539.389,2025-11-02 03:50:40
2025-11-02 03:51:27,dev-004b12c48530,371,47469.488,2025-11-02 03:50:40
2025-11-02 03:51:28,dev-004b12c48530,372,48485.157,2025-11-02 03:50:40
2025-11-02 03:51:29,dev-004b12c48530,373,49509.189,2025-11-02 03:50:40
2025-11-02 03:51:30,dev-004b12c48530,374,50533.417,2025-11-02 03:50:40
2025-11-02 03:51:31,dev-004b12c48530,375,51557.131,2025-11-02 03:50:40
2025-11-02 03:51:32,dev-004b12c48530,376,52581.193,2025-11-02 03:50:40
2025-11-02 03:51:33,dev-004b12c48530,377,53502.593,2025-11-02 03:50:40
2025-11-02 03:51:34,dev-004b12c48530,378,54526.465,2025-11-02 03:50:40
2025-11-02 03:51:35,dev-004b12c48530,379,55550.570,2025-11-02 03:50:40
2025-11-02 03:51:36,dev-004b12c48530,380,56574.539,2025-11-02 03:50:40
2025-11-02 03:51:37,dev-004b12c48530,381,57598.601,2025-11-02 03:50:40
2025-11-02 03:51:38,dev-004b12c48530,382,58520.422,2025-11-02 03:50:40
2025-11-02 03:51:39,dev-004b12c48530,383,59544.192,2025-11-02 03:50:40
2025-11-02 03:51:40,dev-004b12c48530,384,60568.154,2025-11-02 03:50:40
2025-11-02 03:51:41,dev-004b12c48530,385,61592.174,2025-11-02 03:50:40
2025-11-02 03:51:42,dev-004b12c48530,386,62616.352,2025-11-02 03:50:40
2025-11-02 03:51:43,dev-004b12c48530,387,63537.795,2025-11-02 03:50:40
2025-11-02 03:51:44,dev-004b12c48530,388,-63438.102,2025-11-02 03:52:48
2025-11-02 03:51:45,dev-004b12c48530,389,-62414.169,2025-11-02 03:52:48
2025-11-02 03:51:46,dev-004b12c48530,390,-61390.174,2025-11-02 03:52:48
2025-11-02 03:51:47,dev-004b12c48530,391,-60366.036,2025-11-02 03:52:48
2025-11-02 03:51:48,dev-004b12c48530,392,-59444.426,2025-11-02 03:52:48
2025-11-02 03:51:49,dev-004b12c48530,393,-58307.773,2025-11-02 03:52:48
2025-11-02 03:51:50,dev-004b12c48530,394,-57283.716,2025-11-02 03:52:48
2025-11-02 03:51:51,dev-004b12c48530,395,-56259.740,2025-11-02 03:52:48
2025-11-02 03:51:52,dev-004b12c48530,396,-55440.269,2025-11-02 03:52:48
2025-11-02 03:51:53,dev-004b12c48530,397,-54423.622,2025-11-02 03:52:48
2025-11-02 03:51:54,dev-004b12c48530,398,-53402.947,2025-11-02 03:52:48
2025-11-02 03:51:55,dev-004b12c48530,399,-52378.887,2025-11-02 03:52:48
2025-11-02 03:51:56,dev-004b12c48530,400,-51354.962,2025-11-02 03:52:48
2025-11-02 03:51:57,dev-004b12c48530,401,-50347.887,2025-11-02 03:52:48
2025-11-02 03:51:58,dev-004b12c48530,402,-49409.157,2025-11-02 03:52:48
2025-11-02 03:51:59,dev-004b12c48530,403,-48385.199,2025-11-02 03:52:48
2025-11-02 03:52:00,dev-004b12c48530,404,-47361.068,2025-11-02 03:52:48
2025-11-02 03:52:01,dev-004b12c48530,405,-46336.909,2025-11-02 03:52:48
2025-11-02 03:52:02,dev-004b12c48530,406,-45313.264,2025-11-02 03:52:48
2025-11-02 03:52:03,dev-004b12c48530,407,-44391.728,2025-11-02 03:52:48
2025-11-02 03:52:04,dev-004b12c48530,408,-43367.440,2025-11-02 03:52:48
2025-11-02 03:52:05,dev-004b12c48530,409,-42343.678,2025-11-02 03:52:48
2025-11-02 03:52:06,dev-004b12c48530,410,-41319.775,2025-11-02 03:52:48
2025-11-02 03:52:07,dev-004b12c48530,411,-40295.644,2025-11-02 03:52:48
2025-11-02 03:52:08,dev-004b12c48530,412,-39374.123,2025-11-02 03:52:48
2025-11-02 03:52:09,dev-004b12c48530,413,-38350.103,2025-11-02 03:52:48
2025-11-02 03:52:10,dev-004b12c48530,414,-37325.893,2025-11-02 03:52:48
2025-11-02 03:52:11,dev-004b12c48530,415,-36302.120,2025-11-02 03:52:48
2025-11-02 03:52:12,dev-004b12c48530,416,-35380.355,2025-11-02 03:52:48
2025-11-02 03:52:13,dev-004b12c48530,417,-34356.376,2025-11-02 03:52:48
2025-11-02 03:52:14,dev-004b12c48530,418,-33332.340,2025-11-02 03:52:48
2025-11-02 03:52:15,dev-004b12c48530,419,-32308.486,2025-11-02 03:52:48
2025-11-02 03:52:16,dev-004b12c48530,420,-31284.487,2025-11-02 03:52:48
2025-11-02 03:52:17,dev-004b12c48530,421,-30367.768,2025-11-02 03:52:48
2025-11-02 03:52:18,dev-004b12c48530,422,-29366.495,2025-11-02 03:52:48
2025-11-02 03:52:19,dev-004b12c48530,423,-28361.504,2025-11-02 03:52:48
2025-11-02 03:52:20,dev-004b12c48530,424,-27360.445,2025-11-02 03:52:48
2025-11-02 03:52:21,dev-004b12c48530,425,-26266.884,2025-11-02 03:52:48
2025-11-02 03:52:22,dev-004b12c48530,426,-25345.264,2025-11-02 03:52:48
2025-11-02 03:52:23,dev-004b12c48530,427,-24321.240,2025-11-02 03:52:48
2025-11-02 03:52:24,dev-004b12c48530,428,-23297.260,2025-11-02 03:52:48
2025-11-02 03:52:25,dev-004b12c48530,429,-22273.241,2025-11-02 03:52:48
2025-11-02 03:52:26,dev-004b12c48530,430,-21249.245,2025-11-02 03:52:48
2025-11-02 03:52:27,dev-004b12c48530,431,-20327.515,2025-11-02 03:52:48
2025-11-02 03:52:28,dev-004b12c48530,432,-19303.659,2025-11-02 03:52:48
2025-11-02 03:52:29,dev-004b12c48530,433,-18279.697,2025-11-02 03:52:48
2025-11-02 03:52:30,dev-004b12c48530,434,-17255.587,2025-11-02 03:52:48
2025-11-02 03:52:31,dev-004b12c48530,435,-16231.640,2025-11-02 03:52:48
2025-11-02 03:52:32,dev-004b12c48530,436,-15307.778,2025-11-02 03:52:48
2025-11-02 03:52:33,dev-004b12c48530,437,-14286.037,2025-11-02 03:52:48
2025-11-02 03:52:34,dev-004b12c48530,438,-13159.683,2025-11-02 03:52:48
2025-11-02 03:52:35,dev-004b12c48530,439,-12238.116,2025-11-02 03:52:48
2025-11-02 03:52:36,dev-004b12c48530,440,-11213.989,2025-11-02 03:52:48
2025-11-02 03:52:37,dev-004b12c48530,441,-10292.254,2025-11-02 03:52:48
2025-11-02 03:52:38,dev-004b12c48530,442,-9268.332,2025-11-02 03:52:48
2025-11-02 03:52:39,dev-004b12c48530,443,-8244.486,2025-11-02 03:52:48
2025-11-02 03:52:40,dev-004b12c48530,444,-7220.249,2025-11-02 03:52:48
2025-11-02 03:52:41,dev-004b12c48530,445,-6196.209,2025-11-02 03:52:48
2025-11-02 03:52:42,dev-004b12c48530,446,-5274.733,2025-11-02 03:52:48
2025-11-02 03:52:43,dev-004b12c48530,447,-4250.568,2025-11-02 03:52:48
2025-11-02 03:52:44,dev-004b12c48530,448,-3226.844,2025-11-02 03:52:48
2025-11-02 03:52:45,dev-004b12c48530,449,-2202.850,2025-11-02 03:52:48
2025-11-02 03:52:46,dev-004b12c48530,450,-1178.809,2025-11-02 03:52:48
2025-11-02 03:52:47,dev-004b12c48530,451,-257.223,2025-11-02 03:52:48
2025-11-02 03:52:48,dev-004b12c48530,452,767.335,2025-11-02 03:52:48
2025-11-02 03:52:49,dev-004b12c48530,453,1790.939,2025-11-02 03:52:48
2025-11-02 03:52:50,dev-004b12c48530,454,2815.318,2025-11-02 03:52:48
2025-11-02 03:52:51,dev-004b12c48530,455,3839.210,2025-11-02 03:52:48
2025-11-02 03:52:52,dev-004b12c48530,456,4760.674,2025-11-02 03:52:48
2025-11-02 03:52:53,dev-004b12c48530,457,5784.776,2025-11-02 03:52:48
2025-11-02 03:52:54,dev-004b12c48530,458,6808.437,2025-11-02 03:52:48
2025-11-02 03:52:55,dev-004b12c48530,459,7833.127,2025-11-02 03:52:48
2025-11-02 03:52:56,dev-004b12c48530,460,8857.102,2025-11-02 03:52:48
2025-11-02 03:52:57,dev-004b12c48530,461,9778.319,2025-11-02 03:52:48
2025-11-02 03:52:58,dev-004b12c48530,462,10802.484,2025-11-02 03:52:48
2025-11-02 03:52:59,dev-004b12c48530,463,11826.312,2025-11-02 03:52:48
2025-11-02 03:53:00,dev-004b12c48530,464,12850.552,2025-11-02 03:52:48
2025-11-02 03:53:01,dev-004b12c48530,465,13874.098,2025-11-02 03:52:48
2025-11-02 03:53:02,dev-004b12c48530,466,14799.415,2025-11-02 03:52:48
2025-11-02 03:53:03,dev-004b12c48530,467,15820.072,2025-11-02 03:52:48
2025-11-02 03:53:04,dev-004b12c48530,468,16843.622,2025-11-02 03:52:48
2025-11-02 03:53:05,dev-004b12c48530,469,17867.615,2025-11-02 03:52:48
2025-11-02 03:53:06,dev-004b12c48530,470,18891.670,2025-11-02 03:52:48
2025-11-02 03:53:07,dev-004b12c48530,471,19813.444,2025-11-02 03:52:48
2025-11-02 03:53:08,dev-004b12c48530,472,20837.301,2025-11-02 03:52:48
2025-11-02 03:53:09,dev-004b12c48530,473,21861.297,2025-11-02 03:52:48
2025-11-02 03:53:10,dev-004b12c48530,474,22885.583,2025-11-02 03:52:48
2025-11-02 03:53:11,dev-004b12c48530,475,23807.470,2025-11-02 03:52:48
2025-11-02 03:53:12,dev-004b12c48530,476,24831.527,2025-11-02 03:52:48
2025-11-02 03:53:13,dev-004b12c48530,477,25854.922,2025-11-02 03:52:48
2025-11-02 03:53:14,dev-004b12c48530,478,26879.573,2025-11-02 03:52:48
2025-11-02 03:53:15,dev-004b12c48530,479,27903.160,2025-11-02 03:52:48
2025-11-02 03:53:16,dev-004b12c48530,480,28824.937,2025-11-02 03:52:48
2025-11-02 03:53:17,dev-004b12c48530,481,29849.082,2025-11-02 03:52:48
2025-11-02 03:53:18,dev-004b12c48530,482,30872.574,2025-11-02 03:52:48
2025-11-02 03:53:19,dev-004b12c48530,483,31896.689,2025-11-02 03:52:48
2025-11-02 03:53:20,dev-004b12c48530,484,32920.483,2025-11-02 03:52:48
2025-11-02 03:53:21,dev-004b12c48530,485,33842.383,2025-11-02 03:52:48
2025-11-02 03:53:22,dev-004b12c48530,486,34866.143,2025-11-02 03:52:48
2025-11-02 03:53:23,dev-004b12c48530,487,35890.132,2025-11-02 03:52:48
2025-11-02 03:53:24,dev-004b12c48530,488,36914.057,2025-11-02 03:52:48
2025-11-02 03:53:25,dev-004b12c48530,489,37938.106,2025-11-02 03:52:48
2025-11-02 03:53:26,dev-004b12c48530,490,38859.708,2025-11-02 03:52:48
2025-11-02 03:53:27,dev-004b12c48530,491,39883.778,2025-11-02 03:52:48
2025-11-02 03:53:28,dev-004b12c48530,492,40907.722,2025-11-02 03:52:48
2025-11-02 03:53:29,dev-004b12c48530,493,41856.651,2025-11-02 03:52:48
2025-11-02 03:53:30,dev-004b12c48530,494,42955.730,2025-11-02 03:52:48
2025-11-02 03:53:31,dev-004b12c48530,495,43878.710,2025-11-02 03:52:48
2025-11-02 03:53:32,dev-004b12c48530,496,44901.252,2025-11-02 03:52:48
2025-11-02 03:53:33,dev-004b12c48530,497,45868.569,2025-11-02 03:52:48
2025-11-02 03:53:34,dev-004b12c48530,498,46949.214,2025-11-02 03:52:48
2025-11-02 03:53:35,dev-004b12c48530,499,47973.162,2025-11-02 03:52:48
2025-11-02 03:53:36,dev-004b12c48530,500,48894.818,2025-11-02 03:52:48
2025-11-02 03:53:37,dev-004b12c48530,501,49918.784,2025-11-02 03:52:48
2025-11-02 03:53:38,dev-004b12c48530,502,50942.818,2025-11-02 03:52:48
2025-11-02 03:53:39,dev-004b12c48530,503,51966.812,2025-11-02 03:52:48
2025-11-02 03:53:40,dev-004b12c48530,504,52990.799,2025-11-02 03:52:48
2025-11-02 03:53:41,dev-004b12c48530,505,53912.431,2025-11-02 03:52:48
2025-11-02 03:53:42,dev-004b12c48530,506,54936.439,2025-11-02 03:52:48
2025-11-02 03:53:43,dev-004b12c48530,507,55960.463,2025-11-02 03:52:48
2025-11-02 03:53:44,dev-004b12c48530,508,56984.751,2025-11-02 03:52:48
2025-11-02 03:53:46,dev-004b12c48530,509,58008.703,2025-11-02 03:52:48
2025-11-02 03:53:46,dev-004b12c48530,510,58930.118,2025-11-02 03:52:48
2025-11-02 03:53:47,dev-004b12c48530,511,59954.291,2025-11-02 03:52:48
2025-11-02 03:53:48,dev-004b12c48530,512,60978.190,2025-11-02 03:52:48
2025-11-02 03:53:50,dev-004b12c48530,513,62002.229,2025-11-02 03:52:48
2025-11-02 03:53:51,dev-004b12c48530,514,63026.155,2025-11-02 03:52:48
2025-11-02 03:53:51,dev-004b12c48530,515,63947.728,2025-11-02 03:52:48
2025-11-02 03:53:52,dev-004b12c48530,516,-63028.287,2025-11-02 03:54:56
2025-11-02 03:53:53,dev-004b12c48530,517,-62004.103,2025-11-02 03:54:56
2025-11-02 03:53:55,dev-004b12c48530,518,-60980.249,2025-11-02 03:54:56
2025-11-02 03:53:56,dev-004b12c48530,519,-59956.199,2025-11-02 03:54:56
2025-11-02 03:53:56,dev-004b12c48530,520,-59034.618,2025-11-02 03:54:56
2025-11-02 03:53:57,dev-004b12c48530,521,-58010.344,2025-11-02 03:54:56
2025-11-02 03:53:59,dev-004b12c48530,522,-56986.269,2025-11-02 03:54:56
2025-11-02 03:53:59,dev-004b12c48530,523,-56046.229,2025-11-02 03:54:56
2025-11-02 03:54:01,dev-004b12c48530,524,-54938.429,2025-11-02 03:54:56
2025-11-02 03:54:01,dev-004b12c48530,525,-54016.511,2025-11-02 03:54:56
2025-11-02 03:54:03,dev-004b12c48530,526,-52992.917,2025-11-02 03:54:56
2025-11-02 03:54:03,dev-004b12c3c510,0,1762023236900.972,1970-01-01 09:00:07
2025-11-02 03:54:03,dev-004b12c48530,527,-52034.399,2025-11-02 03:54:56
2025-11-02 03:54:04,dev-004b12c3c510,1,-51354.619,2025-11-02 03:54:56
2025-11-02 03:54:05,dev-004b12c48530,528,-50945.098,2025-11-02 03:54:56
2025-11-02 03:54:05,dev-004b12c3c510,2,-50330.572,2025-11-02 03:54:56
2025-11-02 03:54:06,dev-004b12c48530,529,-49920.924,2025-11-02 03:54:56
2025-11-02 03:54:06,dev-004b12c3c510,3,-49408.787,2025-11-02 03:54:56
2025-11-02 03:54:07,dev-004b12c48530,530,-48999.433,2025-11-02 03:54:56
2025-11-02 03:54:07,dev-004b12c3c510,4,-48384.949,2025-11-02 03:54:56
2025-11-02 03:54:08,dev-004b12c48530,531,-47975.265,2025-11-02 03:54:56
2025-11-02 03:54:08,dev-004b12c3c510,5,-47360.934,2025-11-02 03:54:56
2025-11-02 03:54:09,dev-004b12c48530,532,-46951.468,2025-11-02 03:54:56
2025-11-02 03:54:09,dev-004b12c3c510,6,-46337.287,2025-11-02 03:54:56
2025-11-02 03:54:09,dev-004b12c48530,533,-46016.567,2025-11-02 03:54:56
2025-11-02 03:54:10,dev-004b12c3c510,7,-45313.076,2025-11-02 03:54:56
2025-11-02 03:54:10,dev-004b12c48530,534,-45005.931,2025-11-02 03:54:56
2025-11-02 03:54:11,dev-004b12c3c510,8,-44391.359,2025-11-02 03:54:56
2025-11-02 03:54:12,dev-004b12c48530,535,-43980.223,2025-11-02 03:54:56
2025-11-02 03:54:12,dev-004b12c3c510,9,-43367.376,2025-11-02 03:54:56
2025-11-02 03:54:13,dev-004b12c48530,536,-42957.834,2025-11-02 03:54:56
2025-11-02 03:54:14,dev-004b12c48530,537,-41933.854,2025-11-02 03:54:56
2025-11-02 03:54:15,dev-004b12c48530,538,-40909.859,2025-11-02 03:54:56
2025-11-02 03:54:16,dev-004b12c48530,539,-39988.164,2025-11-02 03:54:56
2025-11-02 03:54:17,dev-004b12c48530,540,-38964.185,2025-11-02 03:54:56
2025-11-02 03:54:18,dev-004b12c48530,541,-37940.069,2025-11-02 03:54:56
2025-11-02 03:54:19,dev-004b12c48530,542,-36916.184,2025-11-02 03:54:56
2025-11-02 03:54:20,dev-004b12c48530,543,-35892.139,2025-11-02 03:54:56
2025-11-02 03:54:21,dev-004b12c48530,544,-34970.570,2025-11-02 03:54:56
2025-11-02 03:54:22,dev-004b12c48530,545,-33946.355,2025-11-02 03:54:56
2025-11-02 03:54:23,dev-004b12c48530,546,-32922.493,2025-11-02 03:54:56
2025-11-02 03:54:24,dev-004b12c48530,547,-31898.564,2025-11-02 03:54:56
2025-11-02 03:54:25,dev-004b12c48530,548,-30874.305,2025-11-02 03:54:56
2025-11-02 03:54:26,dev-004b12c48530,549,-29952.929,2025-11-02 03:54:56
2025-11-02 03:54:27,dev-004b12c48530,550,-28928.964,2025-11-02 03:54:56
2025-11-02 03:54:28,dev-004b12c48530,551,-27904.760,2025-11-02 03:54:56
2025-11-02 03:54:29,dev-004b12c48530,552,-26880.754,2025-11-02 03:54:56
2025-11-02 03:54:30,dev-004b12c48530,553,-25950.729,2025-11-02 03:54:56
2025-11-02 03:54:31,dev-004b12c48530,554,-24935.623,2025-11-02 03:54:56
2025-11-02 03:54:32,dev-004b12c48530,555,-23911.350,2025-11-02 03:54:56
2025-11-02 03:54:32,dev-004b12c3c510,0,1762023268763.075,1970-01-01 09:00:03
2025-11-02 03:54:33,dev-004b12c48530,556,-22887.270,2025-11-02 03:54:56
2025-11-02 03:54:33,dev-004b12c3c510,1,-22578.827,2025-11-02 03:54:56
2025-11-02 03:54:34,dev-004b12c48530,557,-21863.327,2025-11-02 03:54:56
2025-11-02 03:54:34,dev-004b12c3c510,2,-21554.708,2025-11-02 03:54:56
2025-11-02 03:54:35,dev-004b12c48530,558,-20839.236,2025-11-02 03:54:56
2025-11-02 03:54:35,dev-004b12c3c510,3,-20531.908,2025-11-02 03:54:56
2025-11-02 03:54:36,dev-004b12c48530,559,-19917.571,2025-11-02 03:54:56
2025-11-02 03:54:36,dev-004b12c3c510,4,-19608.479,2025-11-02 03:54:56
2025-11-02 03:54:37,dev-004b12c48530,560,-18893.686,2025-11-02 03:54:56
2025-11-02 03:54:37,dev-004b12c3c510,5,-18586.300,2025-11-02 03:54:56
2025-11-02 03:54:38,dev-004b12c48530,561,-17869.663,2025-11-02 03:54:56
2025-11-02 03:54:38,dev-004b12c3c510,6,-17562.290,2025-11-02 03:54:56
2025-11-02 03:54:39,dev-004b12c48530,562,-16845.724,2025-11-02 03:54:56
2025-11-02 03:54:39,dev-004b12c3c510,7,-16537.064,2025-11-02 03:54:56
2025-11-02 03:54:40,dev-004b12c48530,563,-15821.307,2025-11-02 03:54:56
2025-11-02 03:54:40,dev-004b12c3c510,8,-15513.618,2025-11-02 03:54:56
2025-11-02 03:54:41,dev-004b12c48530,564,-14899.923,2025-11-02 03:54:56
2025-11-02 03:54:41,dev-004b12c3c510,9,-14591.564,2025-11-02 03:54:56
2025-11-02 03:54:42,dev-004b12c48530,565,-13875.818,2025-11-02 03:54:56
2025-11-02 03:54:42,dev-004b12c3c510,10,-13567.699,2025-11-02 03:54:56
2025-11-02 03:54:43,dev-004b12c48530,566,-12851.952,2025-11-02 03:54:56
2025-11-02 03:54:43,dev-004b12c3c510,11,-12543.621,2025-11-02 03:54:56
2025-11-02 03:54:44,dev-004b12c48530,567,-11827.904,2025-11-02 03:54:56
2025-11-02 03:54:44,dev-004b12c3c510,12,-11520.889,2025-11-02 03:54:56
2025-11-02 03:54:45,dev-004b12c48530,568,-10803.764,2025-11-02 03:54:56
2025-11-02 03:54:45,dev-004b12c3c510,13,-10496.730,2025-11-02 03:54:56
2025-11-02 03:54:46,dev-004b12c48530,569,-9881.972,2025-11-02 03:54:56
2025-11-02 03:54:46,dev-004b12c3c510,14,-9573.910,2025-11-02 03:54:56
2025-11-02 03:54:47,dev-004b12c48530,570,-8858.508,2025-11-02 03:54:56
2025-11-02 03:54:47,dev-004b12c3c510,15,-8550.052,2025-11-02 03:54:56
2025-11-02 03:54:48,dev-004b12c48530,571,-7834.500,2025-11-02 03:54:56
2025-11-02 03:54:48,dev-004b12c3c510,16,-7526.982,2025-11-02 03:54:56
2025-11-02 03:54:49,dev-004b12c48530,572,-6809.880,2025-11-02 03:54:56
2025-11-02 03:54:49,dev-004b12c3c510,17,-6503.278,2025-11-02 03:54:56
2025-11-02 03:54:50,dev-004b12c48530,573,-5786.495,2025-11-02 03:54:56
2025-11-02 03:54:50,dev-004b12c3c510,18,-5477.101,2025-11-02 03:54:56
